{"cameraMode":{"drawMode":0,"name":"Shaded","section":"Shading Mode"},"sceneLighting":false,"audioPlay":false,"sceneViewState":{"m_AlwaysRefresh":false,"showFog":true,"showSkybox":true,"showFlares":true,"showImageEffects":true,"showParticleSystems":true,"showVisualEffectGraphs":true,"m_FxEnabled":true},"in2DMode":false,"pivot":{"x":-3.653872013092041,"y":-210.46820068359376,"z":87.13208770751953},"rotation":{"x":-0.5448662638664246,"y":0.014598346315324307,"z":-0.009488816373050213,"w":-0.8383760452270508},"size":122.90721130371094,"orthographic":false}