{"cameraMode":{"drawMode":0,"name":"Shaded","section":"Shading Mode"},"sceneLighting":false,"audioPlay":false,"sceneViewState":{"m_AlwaysRefresh":false,"showFog":true,"showSkybox":false,"showFlares":true,"showImageEffects":true,"showParticleSystems":true,"showVisualEffectGraphs":true,"m_FxEnabled":true},"in2DMode":false,"pivot":{"x":-5.0568366050720219,"y":0.8757696747779846,"z":-19.476688385009767},"rotation":{"x":-0.09019940346479416,"y":-0.8820183873176575,"z":0.18827421963214875,"w":-0.4224841892719269},"size":3.6566739082336427,"orthographic":false}